,MR,FI,N_EST,MAX_FEATURES,BOOTSTRAPPING,AUPRC,AUROC,MEAN_AUROC,STD_AUROC,MEAN_AUPRC,STD_AUPRC,pvalue,BOOSTING,Index
0,5,VR,500,sqrt,True,0.1309923281683698,0.6814131204532287,0.685655328692637,0.1278081556328233,0.2126868142770157,0.1366075020157126,3.22059917354809e-42,No,"Feature Bagging 
& Bootstrapping"
1,5,SHAP,500,sqrt,True,0.1302620231039551,0.6926045623296637,0.70041881077162,0.1218579740555992,0.2208317899312792,0.1349528472375299,2.5122056195413154e-47,No,"Feature Bagging 
& Bootstrapping"
2,5,VR,500,sqrt,False,0.1270796552887866,0.6830504946458078,0.6870022637011046,0.1241771079300355,0.2150881233720226,0.135699729019017,6.0189571804429174e-43,No,Feature Bagging
3,5,SHAP,500,sqrt,False,0.1284900121553243,0.6948419493980558,0.7011710461940213,0.1194499969249375,0.2188662703046899,0.139335618636667,2.2008335336998744e-48,No,Feature Bagging
4,5,VR,500,100,True,0.1226244479932134,0.6729283890212236,0.678361885605176,0.1284611595016656,0.2170324049529104,0.1433362896641833,1.5094226074981732e-38,No,Bootstrapping
5,5,SHAP,500,100,True,0.1226939279731031,0.6834346230605807,0.6907512342740271,0.1245149122224789,0.2162899559608357,0.1439955842480916,4.0522562829959766e-43,No,Bootstrapping
8,5,VR,1000,sqrt,True,0.1338043245606584,0.680630271035859,0.6842033029307928,0.1255097176885212,0.217748664033618,0.1360103670975946,7.143532595305439e-42,No,"Feature Bagging 
& Bootstrapping"
9,5,SHAP,1000,sqrt,True,0.1328794989137361,0.6929668018627009,0.6997181313816527,0.1222738756339316,0.2204196633932111,0.1354818098518041,1.6969493802973355e-47,No,"Feature Bagging 
& Bootstrapping"
10,5,VR,1000,sqrt,False,0.1308890583044302,0.6836352711431577,0.6895465613645038,0.1214349563009672,0.217903035785906,0.1356644412842365,3.294605003445332e-43,No,Feature Bagging
11,5,SHAP,1000,sqrt,False,0.1301803043576091,0.6958473357797378,0.7027477206428814,0.1180227488291239,0.2205685236330226,0.1343085328581723,7.302406130239907e-49,No,Feature Bagging
12,5,VR,1000,100,True,0.1232568862017172,0.6744035279727032,0.6800517603314165,0.1248626680742339,0.2161826254176347,0.1417481235933278,3.5734213046666435e-39,No,Bootstrapping
13,5,SHAP,1000,100,True,0.123391114072134,0.6821554110603233,0.6894328291084445,0.1235872064996711,0.2150593739076563,0.1409445191957623,1.508404428219776e-42,No,Bootstrapping
16,5,VR,2000,sqrt,True,0.1317618497686668,0.6809903646000987,0.6849359134317691,0.1251416568815045,0.2184852983530066,0.1400471428059935,4.953992543004432e-42,No,"Feature Bagging 
& Bootstrapping"
17,5,SHAP,2000,sqrt,True,0.1325929355056213,0.6942453700723192,0.7002373620624758,0.1206343919682799,0.217875186589478,0.1354359832085553,4.224103979907978e-48,No,"Feature Bagging 
& Bootstrapping"
18,5,VR,2000,sqrt,False,0.1289495727910539,0.6830393356080603,0.6889225545111651,0.1219521150460013,0.2137788902062921,0.1363755509634492,6.088460195943272e-43,No,Feature Bagging
19,5,SHAP,2000,sqrt,False,0.1298545568264001,0.6950831562909074,0.7016960855454458,0.1195489565545375,0.2158344018758771,0.1345607343918972,1.689903035614126e-48,No,Feature Bagging
20,5,VR,2000,100,True,0.1235230795245621,0.6749902358419707,0.6816259281428174,0.1219899193154092,0.2165619678854666,0.141825694760245,2.007951572277467e-39,No,Bootstrapping
21,5,SHAP,2000,100,True,0.1233388951018026,0.6814650528981309,0.688971747180522,0.1227975822585733,0.2157605619666134,0.1418680039294214,3.054450117669134e-42,No,Bootstrapping
24,40,VR,500,sqrt,True,0.4195899177426977,0.8170550666316778,0.8295235805429871,0.1063175085761666,0.493684496798903,0.1638210261436914,1.4438213101918174e-128,No,"Feature Bagging 
& Bootstrapping"
25,40,SHAP,500,sqrt,True,0.408760464767519,0.8274894134596424,0.8396717995944837,0.1053380391828931,0.4937493622316112,0.1564489525378497,5.149057394644061e-137,No,"Feature Bagging 
& Bootstrapping"
26,40,VR,500,sqrt,False,0.4238988326373161,0.8207226709767043,0.8340808528981444,0.1040466124223641,0.4980659236623834,0.1635795648816326,1.6643421213960548e-131,No,Feature Bagging
27,40,SHAP,500,sqrt,False,0.4148699003349886,0.8272837184504891,0.8393398169548054,0.1020880190580975,0.4961951597358411,0.1624717299118662,7.60142932405479e-137,No,Feature Bagging
28,40,VR,500,100,True,0.442388525896031,0.8304823797291931,0.842743217190116,0.0997303350090742,0.5081021493399507,0.1645055070740153,1.7308862149377734e-139,No,Bootstrapping
29,40,SHAP,500,100,True,0.4435312778029824,0.8373831356271859,0.8480149483582904,0.0971163545164382,0.5083282722599604,0.1649674176604813,2.817309401472032e-145,No,Bootstrapping
30,40,VR,1000,sqrt,True,0.4250442807685062,0.8220351713532923,0.8350462340955056,0.1030925614304228,0.50364418612595,0.1593345167989795,1.450643781885334e-132,No,"Feature Bagging 
& Bootstrapping"
31,40,SHAP,1000,sqrt,True,0.4173024284318386,0.8326122580512454,0.8440403526615212,0.1020000214403831,0.5002600343240924,0.1545713795652533,2.913565690382463e-141,No,"Feature Bagging 
& Bootstrapping"
32,40,VR,1000,sqrt,False,0.4265936667363572,0.8230409991707789,0.8368349460273032,0.1016133401396817,0.5021988427511253,0.1652876126859894,2.2210575572927923e-133,No,Feature Bagging
33,40,SHAP,1000,sqrt,False,0.4181121718409782,0.830623665190026,0.8422490907604323,0.1004604627691829,0.4976131922530177,0.1630414161667318,1.3211507895572992e-139,No,Feature Bagging
34,40,VR,1000,100,True,0.4440482440131298,0.8343554713106367,0.8461525298796112,0.0976693422719148,0.5079724678690231,0.164009456714329,1.0096177336561604e-142,No,Bootstrapping
35,40,SHAP,1000,100,True,0.4456954990327491,0.8412599671178866,0.8508114678593006,0.0972140383830684,0.5132466664516515,0.1657728966990518,1.3982550119396767e-148,No,Bootstrapping
38,40,VR,2000,sqrt,True,0.4269956166179272,0.8253404200458306,0.8377887022478909,0.1023917255148429,0.5062272724297077,0.1559273743022226,2.977643424379571e-135,No,"Feature Bagging 
& Bootstrapping"
39,40,SHAP,2000,sqrt,True,0.4188500803262572,0.8337444116925354,0.8452450567437533,0.1016568931000621,0.5025823305397181,0.1540347474697103,3.2877602678962364e-142,No,"Feature Bagging 
& Bootstrapping"
40,40,VR,2000,sqrt,False,0.4271923702306666,0.8244422185058605,0.8377385717042063,0.0997073330422654,0.5035006646217525,0.1659432575986032,1.6104931036952736e-134,No,Feature Bagging
41,40,SHAP,2000,sqrt,False,0.4190941746878363,0.8314111238614313,0.8425519361704256,0.1005359217440492,0.4984293053179633,0.1644599275385701,2.925309351563724e-140,No,Feature Bagging
42,40,VR,2000,100,True,0.4454351099919345,0.83569331996108,0.8480648125712922,0.0972417821860416,0.5095586311556982,0.1642032978479543,7.556085304002427e-144,No,Bootstrapping
43,40,SHAP,2000,100,True,0.4467496349092028,0.842117860746972,0.8514770370010946,0.0984760488141871,0.5148449571530179,0.165315690659562,2.56632735358038e-149,No,Bootstrapping
46,100,VR,500,sqrt,True,0.6543951031964743,0.8899044666209495,0.8989866784064244,0.085399704022861,0.7054801168403266,0.1484974422602294,4.255422044187571e-186,No,"Feature Bagging 
& Bootstrapping"
47,100,SHAP,500,sqrt,True,0.6609663874338861,0.8997308557121985,0.90855092836227,0.0793886915933812,0.7076769428723122,0.1513829297900944,1.786697215996569e-195,No,"Feature Bagging 
& Bootstrapping"
48,100,VR,500,sqrt,False,0.6525147060852984,0.896583751921881,0.9064497864779614,0.0819452265598808,0.6978571077865932,0.1498077908986768,1.9078243741877263e-192,No,Feature Bagging
49,100,SHAP,500,sqrt,False,0.6574787723786178,0.9037588463727686,0.9124055907948644,0.0769484011241838,0.7039849245352235,0.1489950122964045,2.1929590729355415e-199,No,Feature Bagging
50,100,VR,500,100,True,0.6867176913232095,0.9027555721328924,0.9108820959926204,0.082682456245087,0.7265953159111138,0.1446928988095266,2.0836719108079546e-198,No,Bootstrapping
51,100,SHAP,500,100,True,0.7021329979377272,0.9110874106998508,0.918485470463901,0.0790685808524477,0.7379927619724307,0.1462207487554405,1.3333063814674814e-206,No,Bootstrapping
54,100,VR,1000,sqrt,True,0.6565763929534749,0.8916502674066892,0.9006260988857014,0.0861182943669716,0.7073703425783056,0.1469713238141143,9.55015612099657e-188,No,"Feature Bagging 
& Bootstrapping"
55,100,SHAP,1000,sqrt,True,0.6631196327513553,0.9016922913872748,0.9099240885168604,0.0772466154718508,0.7042977540412312,0.1459570683288647,2.2514458553280315e-197,No,"Feature Bagging 
& Bootstrapping"
56,100,VR,1000,sqrt,False,0.6534413046383662,0.895859788539664,0.9052523902006518,0.0847386725944552,0.695446008095679,0.1435662068120678,9.41534166716734e-192,No,Feature Bagging
57,100,SHAP,1000,sqrt,False,0.6572966875056672,0.9021829201194692,0.9111681627211125,0.0786124565565926,0.7021561023470875,0.1472983964478496,7.513672475550781e-198,No,Feature Bagging
58,100,VR,1000,100,True,0.6873604185563484,0.9033141938482104,0.9116078135898656,0.0828435141318503,0.7298205010003916,0.1451965893952685,5.952395884730664e-199,No,Bootstrapping
59,100,SHAP,1000,100,True,0.701075649511309,0.9111230260719632,0.9181738498176618,0.0778726965751719,0.739704542440071,0.144803424298849,1.2289801933723555e-206,No,Bootstrapping
62,100,VR,2000,sqrt,True,0.6588067558307578,0.8949005478507635,0.9044483674331982,0.0841889848126849,0.7087772219381516,0.1469421479900264,7.77138550751759e-191,No,"Feature Bagging 
& Bootstrapping"
63,100,SHAP,2000,sqrt,True,0.6650107017748,0.9032934721771632,0.9107435775392888,0.0789460153707502,0.7116901016168116,0.1460679477907728,6.235763533845809e-199,No,"Feature Bagging 
& Bootstrapping"
64,100,VR,2000,sqrt,False,0.653535877040594,0.895718406304914,0.905089320306412,0.0832438385264663,0.6936113583520165,0.1450158476225587,1.2855297408740502e-191,No,Feature Bagging
65,100,SHAP,2000,sqrt,False,0.6580889085630384,0.9016946657454156,0.9112387779833622,0.0783991405539986,0.7011889823503503,0.147238315907447,2.23952746548637e-197,No,Feature Bagging
66,100,VR,2000,100,True,0.6880650475762654,0.9032438265069456,0.9108909246381236,0.0841456383645015,0.7282300994945609,0.1461262245466749,6.970694676053051e-199,No,Bootstrapping
67,100,SHAP,2000,100,True,0.7018800156960808,0.9109002681082043,0.9179026132328638,0.0786094952854983,0.7380157728248898,0.1470415115802341,2.0455597536422195e-206,No,Bootstrapping
72,5,VR,500,sqrt,False,0.1280867143766484,0.6804025837464325,0.682970511655836,0.1372388247748558,0.2135237055751196,0.1305254905981313,9.000370833929468e-42,Adaboostlinear,"Adaboost 
& Feature Bagging"
73,5,SHAP,500,sqrt,False,,,,,,,,Adaboostlinear,"Adaboost 
& Feature Bagging"
74,5,VR,500,100,False,0.1369835442978732,0.6876782763578618,0.6935746316855238,0.118192561718252,0.2310702638915656,0.1428396759858672,4.850057582573545e-45,Adaboostlinear,Adaboost
75,5,SHAP,500,100,False,,,,,,,,Adaboostlinear,Adaboost
76,5,VR,1000,sqrt,False,0.1354809840577534,0.6900635206764094,0.6921893995739642,0.133130475331149,0.2247647822795579,0.1378112061297271,3.858050347480919e-46,Adaboostlinear,"Adaboost 
& Feature Bagging"
77,5,SHAP,1000,sqrt,False,,,,,,,,Adaboostlinear,"Adaboost 
& Feature Bagging"
78,5,VR,1000,100,False,0.1364474605206742,0.6897461318912423,0.6921071595515674,0.1232557825503592,0.233751309680858,0.1459732685712444,5.4131245340514725e-46,Adaboostlinear,Adaboost
79,5,SHAP,1000,100,False,,,,,,,,Adaboostlinear,Adaboost
80,5,VR,2000,sqrt,False,0.1335935590735149,0.6895345393677976,0.6921306012529516,0.1288934905302097,0.2247424839617394,0.1380387450843953,6.782131336609541e-46,Adaboostlinear,"Adaboost 
& Feature Bagging"
81,5,SHAP,2000,sqrt,False,,,,,,,,Adaboostlinear,"Adaboost 
& Feature Bagging"
82,5,VR,2000,100,False,0.1352946315449545,0.6871829867593726,0.6905537567323116,0.1250505162739052,0.2305245628607545,0.145206356321993,8.171584463057312e-45,Adaboostlinear,Adaboost
83,5,SHAP,2000,100,False,,,,,,,,Adaboostlinear,Adaboost
84,40,VR,500,sqrt,False,0.4414545523990231,0.8214257739170832,0.8337666426209629,0.1042782880636401,0.5124170298715862,0.1659085260605226,4.509312178848073e-132,Adaboostlinear,"Adaboost 
& Feature Bagging"
85,40,SHAP,500,sqrt,False,,,,,,,,Adaboostlinear,"Adaboost 
& Feature Bagging"
86,40,VR,500,100,False,0.4698339570285826,0.8361331748442898,0.8471829578848694,0.1041128776656286,0.5386891092279432,0.1740128085106622,3.2148448891999753e-144,Adaboostlinear,Adaboost
87,40,SHAP,500,100,False,,,,,,,,Adaboostlinear,Adaboost
88,40,VR,1000,sqrt,False,0.4491573687763814,0.830139762486674,0.8419922312231063,0.0979481248717806,0.5242274087293561,0.1628586566207608,3.3308306661251445e-139,Adaboostlinear,"Adaboost 
& Feature Bagging"
89,40,SHAP,1000,sqrt,False,,,,,,,,Adaboostlinear,"Adaboost 
& Feature Bagging"
90,40,VR,1000,100,False,0.4726959344822488,0.8418024617329369,0.8532369861945024,0.1006636659084775,0.5437104665070249,0.1684066169010542,4.788646440865665e-149,Adaboostlinear,Adaboost
91,40,SHAP,1000,100,False,,,,,,,,Adaboostlinear,Adaboost
92,40,VR,2000,sqrt,False,0.4484569362359258,0.829062045302352,0.8391632097264282,0.0996435178640487,0.5244264720847678,0.1632399544343411,2.5993431654898936e-138,Adaboostlinear,"Adaboost 
& Feature Bagging"
93,40,SHAP,2000,sqrt,False,,,,,,,,Adaboostlinear,"Adaboost 
& Feature Bagging"
94,40,VR,2000,100,False,0.4743044735407985,0.8454569763955627,0.8561764333423313,0.0976786417624994,0.5460228077436334,0.1711338018386553,3.3575124784427988e-152,Adaboostlinear,Adaboost
95,40,SHAP,2000,100,False,,,,,,,,Adaboostlinear,Adaboost
96,100,VR,500,sqrt,False,0.6610533380887235,0.8931569055724243,0.9009340235858792,0.0849328051849021,0.7067431452121248,0.146999736561827,3.5568246764712737e-189,Adaboostlinear,"Adaboost 
& Feature Bagging"
97,100,SHAP,500,sqrt,False,,,,,,,,Adaboostlinear,"Adaboost 
& Feature Bagging"
98,100,VR,500,100,False,0.7013268827459739,0.911623368087461,0.9188866650220237,0.0757804928107422,0.7362841642384433,0.1457691305442837,3.90944272332261e-207,Adaboostlinear,Adaboost
99,100,SHAP,500,100,False,,,,,,,,Adaboostlinear,Adaboost
100,100,VR,1000,sqrt,False,0.6697884772239638,0.9004526605870148,0.908370592747229,0.0809646691327551,0.7157216308522999,0.1467470198908502,3.5816591292423165e-196,Adaboostlinear,"Adaboost 
& Feature Bagging"
101,100,SHAP,1000,sqrt,False,,,,,,,,Adaboostlinear,"Adaboost 
& Feature Bagging"
102,100,VR,1000,100,False,0.7039742730553694,0.9139070689174718,0.9217476630957758,0.0757318070272846,0.7439686056107956,0.1437128936736005,2.060813330055059e-209,Adaboostlinear,Adaboost
103,100,SHAP,1000,100,False,,,,,,,,Adaboostlinear,Adaboost
104,100,VR,2000,sqrt,False,0.669208630797891,0.9003382596947741,0.907903398551177,0.0829348668930934,0.7149165900899027,0.1494361914184022,4.621582916937027e-196,Adaboostlinear,"Adaboost 
& Feature Bagging"
105,100,SHAP,2000,sqrt,False,,,,,,,,Adaboostlinear,"Adaboost 
& Feature Bagging"
106,100,VR,2000,100,False,0.7039468885375021,0.9140797495095332,0.9222648215562752,0.0749014558832178,0.7442697020422276,0.1436901028569706,1.3844328391684317e-209,Adaboostlinear,Adaboost
107,100,SHAP,2000,100,False,,,,,,,,Adaboostlinear,Adaboost
108,5,VR,500,100,False,0.112290579842703,0.6321356681473852,0.6390042063242168,0.1376731890535183,0.200560420574777,0.1518979691616932,2.529942266144492e-23,GradientBoostingsquared_error,Gradient Boosting
109,5,SHAP,500,100,False,0.1225311894012456,0.650126826755939,0.659250505140439,0.136240188366156,0.2142373284354813,0.1498359193564371,1.523881458563426e-29,GradientBoostingsquared_error,Gradient Boosting
110,5,VR,500,sqrt,False,0.0890006572220267,0.6415549689907508,0.6518850591351898,0.1339958905811848,0.1703085724726651,0.1129209022514077,1.7527929664127763e-26,GradientBoostingsquared_error,"Gradient Boosting 
& Feature Bagging"
111,5,SHAP,500,sqrt,False,0.1074174086278915,0.6682188458979806,0.6773404913355976,0.1301642583882971,0.1981741263302794,0.1180626603340444,1.3846956839604614e-36,GradientBoostingsquared_error,"Gradient Boosting 
& Feature Bagging"
112,5,VR,1000,100,False,0.112290579842703,0.6321356681473852,0.6390042063242168,0.1376731890535183,0.200560420574777,0.1518979691616932,2.529942266144492e-23,GradientBoostingsquared_error,Gradient Boosting
113,5,SHAP,1000,100,False,0.1225311894012456,0.650126826755939,0.659250505140439,0.136240188366156,0.2142373284354813,0.1498359193564371,1.523881458563426e-29,GradientBoostingsquared_error,Gradient Boosting
114,5,VR,1000,sqrt,False,0.0890006572220267,0.6415549689907508,0.6518850591351898,0.1339958905811848,0.1703085724726651,0.1129209022514077,1.7527929664127763e-26,GradientBoostingsquared_error,"Gradient Boosting 
& Feature Bagging"
115,5,SHAP,1000,sqrt,False,0.1074174086278915,0.6682188458979806,0.6773404913355976,0.1301642583882971,0.1981741263302794,0.1180626603340444,1.3846956839604614e-36,GradientBoostingsquared_error,"Gradient Boosting 
& Feature Bagging"
116,5,VR,2000,100,False,0.112290579842703,0.6321356681473852,0.6390042063242168,0.1376731890535183,0.200560420574777,0.1518979691616932,2.529942266144492e-23,GradientBoostingsquared_error,Gradient Boosting
117,5,SHAP,2000,100,False,0.1225311894012456,0.650126826755939,0.659250505140439,0.136240188366156,0.2142373284354813,0.1498359193564371,1.523881458563426e-29,GradientBoostingsquared_error,Gradient Boosting
118,5,VR,2000,sqrt,False,0.0890006572220267,0.6415549689907508,0.6518850591351898,0.1339958905811848,0.1703085724726651,0.1129209022514077,1.7527929664127763e-26,GradientBoostingsquared_error,"Gradient Boosting 
& Feature Bagging"
119,5,SHAP,2000,sqrt,False,0.1074174086278915,0.6682188458979806,0.6773404913355976,0.1301642583882971,0.1981741263302794,0.1180626603340444,1.3846956839604614e-36,GradientBoostingsquared_error,"Gradient Boosting 
& Feature Bagging"
120,40,VR,500,100,False,0.420347608984233,0.7947627141851226,0.8031359176924221,0.1176691182224607,0.4808146100241014,0.183383499562385,1.9698105752553952e-111,GradientBoostingsquared_error,Gradient Boosting
121,40,SHAP,500,100,False,0.4516236157123021,0.8080940362783664,0.8169422163171662,0.1175061337255035,0.5148340490947423,0.1836247304858076,1.5736269581452717e-121,GradientBoostingsquared_error,Gradient Boosting
122,40,VR,500,sqrt,False,0.3067872009935258,0.7747695748408824,0.7845983498592448,0.1284137453987384,0.4144928534747815,0.2017092108114539,4.017609326171057e-97,GradientBoostingsquared_error,"Gradient Boosting 
& Feature Bagging"
123,40,SHAP,500,sqrt,False,0.367661777345821,0.8048714811349628,0.8137521350786845,0.1194547917226109,0.4640103654210357,0.1888696725612245,4.7701415891160374e-119,GradientBoostingsquared_error,"Gradient Boosting 
& Feature Bagging"
124,40,VR,1000,100,False,0.420347608984233,0.7947627141851226,0.8031359176924221,0.1176691182224607,0.4808146100241014,0.183383499562385,1.9698105752553952e-111,GradientBoostingsquared_error,Gradient Boosting
125,40,SHAP,1000,100,False,0.4516236157123021,0.8080940362783664,0.8169422163171662,0.1175061337255035,0.5148340490947423,0.1836247304858076,1.5736269581452717e-121,GradientBoostingsquared_error,Gradient Boosting
126,40,VR,1000,sqrt,False,0.3067872009935258,0.7747695748408824,0.7845983498592448,0.1284137453987384,0.4144928534747815,0.2017092108114539,4.017609326171057e-97,GradientBoostingsquared_error,"Gradient Boosting 
& Feature Bagging"
127,40,SHAP,1000,sqrt,False,0.367661777345821,0.8048714811349628,0.8137521350786845,0.1194547917226109,0.4640103654210357,0.1888696725612245,4.7701415891160374e-119,GradientBoostingsquared_error,"Gradient Boosting 
& Feature Bagging"
128,40,VR,2000,100,False,0.420347608984233,0.7947627141851226,0.8031359176924221,0.1176691182224607,0.4808146100241014,0.183383499562385,1.9698105752553952e-111,GradientBoostingsquared_error,Gradient Boosting
129,40,SHAP,2000,100,False,0.4516236157123021,0.8080940362783664,0.8169422163171662,0.1175061337255035,0.5148340490947423,0.1836247304858076,1.5736269581452717e-121,GradientBoostingsquared_error,Gradient Boosting
130,40,VR,2000,sqrt,False,0.3067872009935258,0.7747695748408824,0.7845983498592448,0.1284137453987384,0.4144928534747815,0.2017092108114539,4.017609326171057e-97,GradientBoostingsquared_error,"Gradient Boosting 
& Feature Bagging"
131,40,SHAP,2000,sqrt,False,0.367661777345821,0.8048714811349628,0.8137521350786845,0.1194547917226109,0.4640103654210357,0.1888696725612245,4.7701415891160374e-119,GradientBoostingsquared_error,"Gradient Boosting 
& Feature Bagging"
132,100,VR,500,100,False,0.6826251649591307,0.8982889727684865,0.908131211831348,0.0852382903530027,0.7181132826528541,0.160162914923684,4.39089415031322e-194,GradientBoostingsquared_error,Gradient Boosting
133,100,SHAP,500,100,False,0.7287460999973384,0.9109410638980788,0.9204235916058996,0.0819286678310663,0.7668015741629461,0.1543765747592125,1.863366714932052e-206,GradientBoostingsquared_error,Gradient Boosting
134,100,VR,500,sqrt,False,0.6060872356718008,0.880783477748271,0.8897709300924334,0.0845656102241431,0.6547855586437743,0.1599904665089683,1.3314945241567403e-177,GradientBoostingsquared_error,"Gradient Boosting 
& Feature Bagging"
135,100,SHAP,500,sqrt,False,0.6677045940409663,0.9062871060912864,0.9144337943490288,0.0772152679756564,0.7142265647707771,0.1587537578003621,7.348577094921829e-202,GradientBoostingsquared_error,"Gradient Boosting 
& Feature Bagging"
136,100,VR,1000,100,False,0.6826251649591307,0.8982889727684865,0.908131211831348,0.0852382903530027,0.7181132826528541,0.160162914923684,4.39089415031322e-194,GradientBoostingsquared_error,Gradient Boosting
137,100,SHAP,1000,100,False,0.7287460999973384,0.9109410638980788,0.9204235916058996,0.0819286678310663,0.7668015741629461,0.1543765747592125,1.863366714932052e-206,GradientBoostingsquared_error,Gradient Boosting
138,100,VR,1000,sqrt,False,0.6060872356718008,0.880783477748271,0.8897709300924334,0.0845656102241431,0.6547855586437743,0.1599904665089683,1.3314945241567403e-177,GradientBoostingsquared_error,"Gradient Boosting 
& Feature Bagging"
139,100,SHAP,1000,sqrt,False,0.6677047537558243,0.9062875377927664,0.9144337943490288,0.0772152679756564,0.7142265647707771,0.1587537578003621,7.3414079984600725e-202,GradientBoostingsquared_error,"Gradient Boosting 
& Feature Bagging"
140,100,VR,2000,100,False,0.6826251649591307,0.8982889727684865,0.908131211831348,0.0852382903530027,0.7181132826528541,0.160162914923684,4.39089415031322e-194,GradientBoostingsquared_error,Gradient Boosting
141,100,SHAP,2000,100,False,0.7287460999973384,0.9109410638980788,0.9204235916058996,0.0819286678310663,0.7668015741629461,0.1543765747592125,1.863366714932052e-206,GradientBoostingsquared_error,Gradient Boosting
142,100,VR,2000,sqrt,False,0.6060872356718008,0.880783477748271,0.8897709300924334,0.0845656102241431,0.6547855586437743,0.1599904665089683,1.3314945241567403e-177,GradientBoostingsquared_error,"Gradient Boosting 
& Feature Bagging"
143,100,SHAP,2000,sqrt,False,0.6677047537558243,0.9062875377927664,0.9144337943490288,0.0772152679756564,0.7142265647707771,0.1587537578003621,7.3414079984600725e-202,GradientBoostingsquared_error,"Gradient Boosting 
& Feature Bagging"
